{"cameraMode":{"drawMode":0,"name":"Shaded","section":"Shading Mode"},"sceneLighting":false,"audioPlay":false,"sceneViewState":{"m_AlwaysRefresh":false,"showFog":true,"showSkybox":false,"showFlares":true,"showImageEffects":true,"showParticleSystems":true,"showVisualEffectGraphs":true,"m_FxEnabled":true},"in2DMode":false,"pivot":{"x":0.21928152441978455,"y":1.4202907085418702,"z":-0.08487607538700104},"rotation":{"x":0.018096916377544404,"y":0.7346919775009155,"z":0.01961399056017399,"w":-0.6778767108917236},"size":1.092341423034668,"orthographic":false}